1513444020,1513444080,1513444800,1513445100,1513445460,1513445580,1513445940,1513446240,1513447140,1513404240
1513445160,1513445220,1513445940,1513446240,1513446600,1513446720,1513447080,1513404180,1513405080,1513405380
1513446360,1513446420,1513447140,1513404240,1513404600,1513404720,1513405080,1513405380,1513406280,1513406580
1513404360,1513404420,1513405140,1513405440,1513405800,1513405920,1513406280,1513406580,1513407480,1513407780
1513405560,1513405620,1513406340,1513406640,1513407000,1513407120,1513407480,1513407780,1513408680,1513408980
1513406760,1513406820,1513407540,1513407840,1513408200,1513408320,1513408680,1513408980,1513409880,1513410180
1513407960,1513408020,1513408740,1513409040,1513409400,1513409520,1513409880,1513410180,1513411080,1513411380
1513409160,1513409220,1513409940,1513410240,1513410600,1513410720,1513411080,1513411380,1513412280,1513412580
1513410360,1513410420,1513411140,1513411440,1513411800,1513411920,1513412280,1513412580,1513413480,1513413780
1513411560,1513411620,1513412340,1513412640,1513413000,1513413120,1513413480,1513413780,1513414680,1513414980
1513412760,1513412820,1513413540,1513413840,1513414200,1513414320,1513414680,1513414980,1513415880,1513416180
1513413960,1513414020,1513414740,1513415040,1513415400,1513415520,1513415880,1513416180,1513417080,1513417380
1513415160,1513415220,1513415940,1513416240,1513416600,1513416720,1513417080,1513417380,1513418280,1513418580
1513416360,1513416420,1513417140,1513417440,1513417800,1513417920,1513418280,1513418580,1513419480,1513419780
1513417380,1513417440,1513418160,1513418460,1513418820,1513418940,1513419300,1513419600,1513420500,1513420800
1513418280,1513418340,1513419060,1513419360,1513419720,1513419840,1513420200,1513420500,1513421400,1513421700
1513418940,1513419060,1513419780,1513420080,1513420440,1513420560,1513420920,1513421220,1513422060,1513422360
1513419420,1513419540,1513420260,1513420560,1513420920,1513421040,1513421400,1513421700,1513422420,1513422720
1513419900,1513420020,1513420740,1513421040,1513421400,1513421520,1513421880,1513422180,1513422900,1513423200
1513420380,1513420500,1513421220,1513421520,1513421880,1513422000,1513422360,1513422660,1513423380,1513423680
1513420860,1513420980,1513421700,1513422000,1513422360,1513422480,1513422840,1513423140,1513423860,1513424160
1513421340,1513421460,1513422180,1513422480,1513422840,1513422960,1513423320,1513423620,1513424340,1513424640
1513421820,1513421940,1513422660,1513422960,1513423320,1513423440,1513423800,1513424100,1513424820,1513425120
1513422300,1513422420,1513423140,1513423440,1513423800,1513423920,1513424280,1513424580,1513425300,1513425600
1513422780,1513422900,1513423620,1513423920,1513424280,1513424400,1513424760,1513425060,1513425780,1513426080
1513423260,1513423380,1513424100,1513424400,1513424760,1513424880,1513425240,1513425540,1513426260,1513426560
1513423740,1513423860,1513424580,1513424880,1513425240,1513425360,1513425720,1513426020,1513426740,1513427100
1513424100,1513424220,1513424940,1513425240,1513425600,1513425720,1513426080,1513426380,1513427100,1513427460
01513427460,1513424580,1513425300,1513425600,1513425960,1513426080,1513426440,1513426740,1513427520,1513427820
1513424760,1513424880,1513425600,1513425900,1513426260,1513426380,1513426740,1513427100,1513427820,1513428180
01513428180,1513425180,1513425900,1513426200,1513426560,1513426680,1513427040,1513427400,1513428120,1513428480
1513425360,1513425420,1513426140,1513426440,1513426860,1513426980,1513427340,1513427700,1513428420,1513428780
01513428780,1513425720,1513426440,1513426740,1513427160,1513427280,1513427640,1513428000,1513428720,1513429080
1513425960,1513426020,1513426740,1513427040,1513427460,1513427580,1513427940,1513428300,1513429020,1513429380
01513429380,1513426320,1513427040,1513427340,1513427760,1513427880,1513428240,1513428600,1513429380,1513429740
1513426500,1513426560,1513427280,1513427580,1513428000,1513428120,1513428480,1513428840,1513429620,1513429980
1513426740,1513426800,1513427520,1513427820,1513428240,1513428360,1513428720,1513429080,1513429860,1513430220
01513430220,1513426980,1513427700,1513428000,1513428420,1513428540,1513428900,1513429260,1513430100,1513430400
1513427100,1513427220,1513427940,1513428240,1513428600,1513428720,1513429140,1513429440,1513430340,1513430640
1513427340,1513427400,1513428120,1513428420,1513428840,1513428960,1513429320,1513429680,1513430520,1513430820
01513430820,1513427640,1513428360,1513428660,1513429020,1513429140,1513429560,1513429860,1513430760,1513431060
1513427700,1513427820,1513428540,1513428840,1513429260,1513429380,1513429740,1513430100,1513431000,1513431360
01513431360,1513428000,1513428720,1513429080,1513429440,1513429560,1513429980,1513430280,1513431120,1513431480
1513428120,1513428240,1513428960,1513429260,1513429680,1513429800,1513430160,1513430520,1513431300,1513431660
01513431660,1513428420,1513429140,1513429500,1513429860,1513429980,1513430400,1513430700,1513431540,1513431900
1513428480,1513428600,1513429320,1513429680,1513430100,1513430220,1513430580,1513430940,1513431720,1513432080
1513428720,1513428840,1513429560,1513429860,1513430280,1513430400,1513430760,1513431120,1513431900,1513432260
01513432260,1513430040,1513430460,1513430580,1513430940,1513431300,1513432080,1513432440
1513428960,1513429080,1513429800,1513430220,1513430640,1513430760,1513431120,1513431480,1513432260,1513432620
01513432620,1513429320,1513430040,1513430400,1513430820,1513430940,1513431300,1513431660,1513432440,1513432800
1513429440,1513429560,1513430280,1513430580,1513431000,1513431120,1513431480,1513431840,1513432620,1513432980
1513429560,1513429680,1513430400,1513430760,1513431180,1513431300,1513431660,1513432020,1513432800,1513433160
01513433160,1513430940,1513431360,1513431480,1513431840,1513432200,1513432980,1513433340
1513429860,1513429980,1513430700,1513431120,1513431540,1513431660,1513432020,1513432380,1513433160,1513433520
01513433520,1513430160,1513430880,1513431300,1513431720,1513431840,1513432200,1513432560,1513433340,1513433700
1513430280,1513430400,1513431120,1513431480,1513431900,1513432020,1513432380,1513432740,1513433520,1513433880
01513433880,1513431720,1513432140,1513432260,1513432620,1513432980,1513433760,1513434120
1513430640,1513430760,1513431480,1513431900,1513432320,1513432440,1513432860,1513433160,1513434000,1513434360
1513431000,1513431060,1513431780,1513432140,1513432500,1513432680,1513433100,1513433400,1513434240,1513434600
01513434600,1513432440,1513432800,1513432920,1513433340,1513433640,1513434480,1513434840
1513431360,1513431480,1513432200,1513432620,1513433040,1513433160,1513433520,1513433880,1513434660,1513435020
1513431780,1513431840,1513432560,1513432920,1513433280,1513433400,1513433820,1513434120,1513434960,1513435260
01513435260,1513433220,1513433580,1513433700,1513434120,1513434420,1513435200,1513435560
1513432260,1513432320,1513433040,1513433520,1513433880,1513434000,1513434420,1513434720,1513435500,1513435860
1513432620,1513432740,1513433460,1513433760,1513434180,1513434300,1513434660,1513434960,1513435740,1513436040
01513436040,1513434060,1513434480,1513434600,1513434960,1513435260,1513436040,1513436340
1513433160,1513433280,1513434000,1513434420,1513434780,1513434900,1513435260,1513435560,1513436340,1513436640
1513433580,1513433700,1513434420,1513434720,1513435080,1513435200,1513435560,1513435860,1513436640,1513436940
1513433880,1513434000,1513434720,1513435020,1513435380,1513435500,1513435860,1513436160,1513436940,1513437240
1513434180,1513434300,1513435020,1513435320,1513435680,1513435800,1513436160,1513436460,1513437240,1513437540
1513434480,1513434600,1513435320,1513435620,1513435980,1513436100,1513436460,1513436760,1513437540,1513437840
1513434780,1513434900,1513435620,1513435920,1513436280,1513436400,1513436760,1513437060,1513437840,1513438140
1513435080,1513435200,1513435920,1513436220,1513436580,1513436700,1513437060,1513437360,1513438140,1513438440
1513435380,1513435500,1513436220,1513436520,1513436880,1513437000,1513437360,1513437660,1513438440,1513438740
1513435680,1513435800,1513436520,1513436820,1513437180,1513437300,1513437660,1513437960,1513438740,1513439040
1513435980,1513436100,1513436820,1513437120,1513437480,1513437600,1513437960,1513438260,1513439040,1513439340
1513436280,1513436400,1513437120,1513437420,1513437780,1513437900,1513438260,1513438560,1513439340,1513439640
1513436580,1513436700,1513437420,1513437720,1513438080,1513438200,1513438560,1513438860,1513439640,1513439940
1513436880,1513437000,1513437720,1513438020,1513438380,1513438500,1513438860,1513439160,1513439940,1513440240
1513437180,1513437300,1513438020,1513438320,1513438680,1513438800,1513439160,1513439460,1513440240,1513440540
1513437480,1513437600,1513438320,1513438620,1513438980,1513439100,1513439460,1513439760,1513440540,1513440840
1513437780,1513437900,1513438620,1513438920,1513439280,1513439400,1513439760,1513440060,1513440840,1513441140
1513438080,1513438200,1513438920,1513439220,1513439580,1513439700,1513440060,1513440360,1513441140,1513441440
1513438380,1513438500,1513439220,1513439520,1513439880,1513440000,1513440360,1513440660,1513441440,1513441740
1513438680,1513438800,1513439520,1513439820,1513440180,1513440300,1513440660,1513440960,1513441740,1513442040
1513438980,1513439100,1513439820,1513440120,1513440480,1513440600,1513440960,1513441260,1513442040,1513442340
1513439280,1513439400,1513440120,1513440420,1513440780,1513440900,1513441260,1513441560,1513442340,1513442640
1513439580,1513439700,1513440420,1513440720,1513441080,1513441200,1513441560,1513441860,1513442640,1513442940
1513439880,1513440000,1513440720,1513441020,1513441380,1513441500,1513441860,1513442160,1513442940,1513443240
1513440180,1513440300,1513441020,1513441320,1513441680,1513441800,1513442160,1513442460,1513443240,1513443540
1513440480,1513440600,1513441320,1513441620,1513441980,1513442100,1513442460,1513442760,1513443540,1513443840
1513440780,1513440900,1513441620,1513441920,1513442280,1513442400,1513442760,1513443060,1513443840,1513444140
1513441080,1513441200,1513441920,1513442220,1513442580,1513442700,1513443060,1513443360,1513444140,1513444440
1513441380,1513441500,1513442220,1513442520,1513442880,1513443000,1513443360,1513443660,1513444440,1513444740
1513441680,1513441800,1513442520,1513442820,1513443180,1513443300,1513443660,1513443960,1513444740,1513445040
1513441560,1513441620,1513442460,1513442820,1513443180,1513443300,1513443660,1513443960,1513444740,1513445100
1513441920,1513441980,1513442820,1513443180,1513443540,1513443660,1513444020,1513444320,1513445100,1513445460
1513442280,1513442340,1513443180,1513443540,1513443900,1513444020,1513444380,1513444680,1513445460,1513445820
1513442640,1513442700,1513443540,1513443900,1513444260,1513444380,1513444740,1513445040,1513445820,1513446180
1513443000,1513443060,1513443900,1513444260,1513444620,1513444740,1513445100,1513445400,1513446180,1513446540
1513443360,1513443420,1513444260,1513444620,1513444980,1513445100,1513445460,1513445760,1513446540,1513446900
1513443720,1513443780,1513444620,1513444980,1513445340,1513445460,1513445820,1513446120,1513446900,1513404060
1513444080,1513444140,1513444980,1513445340,1513445700,1513445820,1513446180,1513446480,1513404060,1513404420
1513444440,1513444500,1513445340,1513445700,1513446060,1513446180,1513446540,1513446840,1513404420,1513404780
1513444800,1513444860,1513445700,1513446060,1513446420,1513446540,1513446900,1513404000,1513404780,1513405140
1513445160,1513445220,1513446060,1513446420,1513446780,1513446900,1513404060,1513404360,1513405140,1513405500
1513445520,1513445580,1513446420,1513446780,1513447140,1513404060,1513404420,1513404720,1513405500,1513405860
1513445880,1513445940,1513446780,1513447140,1513404300,1513404420,1513404780,1513405080,1513405860,1513406220
1513446240,1513446300,1513447140,1513404300,1513404660,1513404780,1513405140,1513405440,1513406220,1513406580
1513446600,1513446660,1513404300,1513404660,1513405020,1513405140,1513405500,1513405800,1513406580,1513406940
1513446960,1513447020,1513404660,1513405020,1513405380,1513405500,1513405860,1513406160,1513406940,1513407300
1513404120,1513404180,1513405020,1513405380,1513405740,1513405860,1513406220,1513406520,1513407300,1513407660
1513404480,1513404540,1513405380,1513405740,1513406100,1513406220,1513406580,1513406880,1513407660,1513408020
1513404840,1513404900,1513405740,1513406100,1513406460,1513406580,1513406940,1513407240,1513408020,1513408380
1513405200,1513405260,1513406100,1513406460,1513406820,1513406940,1513407300,1513407600,1513408380,1513408740
1513405560,1513405620,1513406460,1513406820,1513407180,1513407300,1513407660,1513407960,1513408740,1513409100
1513405920,1513405980,1513406820,1513407180,1513407540,1513407660,1513408020,1513408320,1513409100,1513409460
1513406280,1513406340,1513407180,1513407540,1513407900,1513408020,1513408380,1513408680,1513409460,1513409820
1513406640,1513406700,1513407540,1513407900,1513408260,1513408380,1513408740,1513409040,1513409820,1513410180
1513407000,1513407060,1513407900,1513408260,1513408620,1513408740,1513409100,1513409400,1513410180,1513410540
1513407360,1513407420,1513408260,1513408620,1513408980,1513409100,1513409460,1513409760,1513410540,1513410900
1513407720,1513407780,1513408620,1513408980,1513409340,1513409460,1513409820,1513410120,1513410900,1513411260
1513408080,1513408140,1513408980,1513409340,1513409700,1513409820,1513410180,1513410480,1513411260,1513411620
1513408440,1513408500,1513409340,1513409700,1513410060,1513410180,1513410540,1513410840,1513411620,1513411980
1513408800,1513408860,1513409700,1513410060,1513410420,1513410540,1513410900,1513411200,1513411980,1513412340
1513409160,1513409220,1513410060,1513410420,1513410780,1513410900,1513411260,1513411560,1513412340,1513412700
1513409520,1513409580,1513410420,1513410780,1513411140,1513411260,1513411620,1513411920,1513412700,1513413060
1513409880,1513409940,1513410780,1513411140,1513411500,1513411620,1513411980,1513412280,1513413060,1513413420
1513410240,1513410300,1513411140,1513411500,1513411860,1513411980,1513412340,1513412640,1513413420,1513413780
1513410600,1513410660,1513411500,1513411860,1513412220,1513412340,1513412700,1513413000,1513413780,1513414140
1513410960,1513411020,1513411860,1513412220,1513412580,1513412700,1513413060,1513413360,1513414140,1513414500
1513410840,1513410960,1513411680,1513411980,1513412340,1513412460,1513412820,1513413120,1513413900,1513414260
1513411140,1513411260,1513411980,1513412280,1513412640,1513412760,1513413120,1513413420,1513414200,1513414560
1513411440,1513411560,1513412280,1513412580,1513412940,1513413060,1513413420,1513413720,1513414500,1513414860
1513411740,1513411860,1513412580,1513412880,1513413240,1513413360,1513413720,1513414020,1513414800,1513415160
1513412040,1513412160,1513412880,1513413180,1513413540,1513413660,1513414020,1513414320,1513415100,1513415460
1513412340,1513412460,1513413180,1513413480,1513413840,1513413960,1513414320,1513414620,1513415400,1513415760
1513412640,1513412760,1513413480,1513413780,1513414140,1513414260,1513414620,1513414920,1513415700,1513416060
1513412940,1513413060,1513413780,1513414080,1513414440,1513414560,1513414920,1513415220,1513416000,1513416360
1513413240,1513413360,1513414080,1513414380,1513414740,1513414860,1513415220,1513415520,1513416300,1513416660
1513413540,1513413660,1513414380,1513414680,1513415040,1513415160,1513415520,1513415820,1513416600,1513416960
1513413840,1513413960,1513414680,1513414980,1513415340,1513415460,1513415820,1513416120,1513416900,1513417260
1513414140,1513414260,1513414980,1513415280,1513415640,1513415760,1513416120,1513416420,1513417200,1513417560
1513414440,1513414560,1513415280,1513415580,1513415940,1513416060,1513416420,1513416720,1513417500,1513417860
1513414740,1513414860,1513415580,1513415880,1513416240,1513416360,1513416720,1513417020,1513417800,1513418160
1513415040,1513415160,1513415880,1513416180,1513416540,1513416660,1513417020,1513417320,1513418100,1513418460
1513415340,1513415460,1513416180,1513416480,1513416840,1513416960,1513417320,1513417620,1513418400,1513418760
1513415640,1513415760,1513416480,1513416780,1513417140,1513417260,1513417620,1513417920,1513418700,1513419060
1513415940,1513416060,1513416780,1513417080,1513417440,1513417560,1513417920,1513418220,1513419000,1513419360
1513416240,1513416360,1513417080,1513417380,1513417740,1513417860,1513418220,1513418520,1513419300,1513419660
1513416540,1513416660,1513417380,1513417680,1513418040,1513418160,1513418520,1513418820,1513419600,1513419960
1513416840,1513416960,1513417680,1513417980,1513418340,1513418460,1513418820,1513419120,1513419900,1513420260
1513417140,1513417260,1513417980,1513418280,1513418640,1513418760,1513419120,1513419420,1513420200,1513420560
1513417440,1513417560,1513418280,1513418580,1513418940,1513419060,1513419420,1513419720,1513420500,1513420860
1513417740,1513417860,1513418580,1513418880,1513419240,1513419360,1513419720,1513420020,1513420800,1513421160
1513418040,1513418160,1513418880,1513419180,1513419540,1513419660,1513420020,1513420320,1513421100,1513421460
1513418340,1513418460,1513419180,1513419480,1513419840,1513419960,1513420320,1513420620,1513421400,1513421760
1513418640,1513418760,1513419480,1513419780,1513420140,1513420260,1513420620,1513420920,1513421700,1513422060
1513418940,1513419060,1513419780,1513420080,1513420440,1513420560,1513420920,1513421220,1513422000,1513422360
1513419240,1513419360,1513420080,1513420380,1513420740,1513420860,1513421220,1513421520,1513422300,1513422660
1513419540,1513419660,1513420380,1513420680,1513421040,1513421160,1513421520,1513421820,1513422600,1513422960
1513419840,1513419960,1513420680,1513420980,1513421340,1513421460,1513421820,1513422120,1513422900,1513423260
1513420140,1513420260,1513420980,1513421280,1513421640,1513421760,1513422120,1513422420,1513423200,1513423560
1513420440,1513420560,1513421280,1513421580,1513421940,1513422060,1513422420,1513422720,1513423500,1513423860
1513420740,1513420860,1513421580,1513421880,1513422240,1513422360,1513422720,1513423020,1513423800,1513424160
1513421040,1513421160,1513421880,1513422180,1513422540,1513422660,1513423020,1513423320,1513424100,1513424460
1513421340,1513421460,1513422180,1513422480,1513422840,1513422960,1513423320,1513423620,1513424400,1513424760
1513421640,1513421760,1513422480,1513422780,1513423140,1513423260,1513423620,1513423920,1513424700,1513425060
1513421940,1513422060,1513422780,1513423080,1513423440,1513423560,1513423920,1513424220,1513425000,1513425360
1513422240,1513422360,1513423080,1513423380,1513423740,1513423860,1513424220,1513424520,1513425300,1513425660
1513422540,1513422660,1513423380,1513423680,1513424040,1513424160,1513424520,1513424820,1513425600,1513425960
1513422840,1513422960,1513423680,1513423980,1513424340,1513424460,1513424820,1513425120,1513425900,1513426260
1513423140,1513423260,1513423980,1513424280,1513424640,1513424760,1513425120,1513425420,1513426200,1513426560
1513423440,1513423560,1513424280,1513424580,1513424940,1513425060,1513425420,1513425720,1513426500,1513426860
1513423740,1513423860,1513424580,1513424880,1513425240,1513425360,1513425720,1513426020,1513426800,1513427160
1513424040,1513424160,1513424880,1513425180,1513425540,1513425660,1513426020,1513426320,1513427100,1513427460
1513424340,1513424460,1513425180,1513425480,1513425840,1513425960,1513426320,1513426620,1513427400,1513427760
1513424640,1513424760,1513425480,1513425780,1513426140,1513426260,1513426620,1513426920,1513427700,1513428060
1513424940,1513425060,1513425780,1513426080,1513426440,1513426560,1513426920,1513427220,1513428000,1513428360
1513425240,1513425360,1513426080,1513426380,1513426740,1513426860,1513427220,1513427520,1513428300,1513428660
1513425540,1513425660,1513426380,1513426680,1513427040,1513427160,1513427520,1513427820,1513428600,1513428960
1513425840,1513425960,1513426680,1513426980,1513427340,1513427460,1513427820,1513428120,1513428900,1513429260
1513426140,1513426260,1513426980,1513427280,1513427640,1513427760,1513428120,1513428420,1513429200,1513429560
1513426440,1513426560,1513427280,1513427580,1513427940,1513428060,1513428420,1513428720,1513429500,1513429860
1513426740,1513426860,1513427580,1513427880,1513428240,1513428360,1513428720,1513429020,1513429800,1513430160
1513427040,1513427160,1513427880,1513428180,1513428540,1513428660,1513429020,1513429320,1513430100,1513430460
1513427340,1513427460,1513428180,1513428480,1513428840,1513428960,1513429320,1513429620,1513430400,1513430760
1513427640,1513427760,1513428480,1513428780,1513429140,1513429260,1513429620,1513429920,1513430700,1513431060
1513427940,1513428060,1513428780,1513429080,1513429440,1513429560,1513429920,1513430220,1513431000,1513431360
1513428240,1513428360,1513429080,1513429380,1513429740,1513429860,1513430220,1513430520,1513431300,1513431660
1513428540,1513428660,1513429380,1513429680,1513430040,1513430160,1513430520,1513430820,1513431600,1513431960
1513428840,1513428960,1513429680,1513429980,1513430340,1513430460,1513430820,1513431120,1513431900,1513432260
1513429140,1513429260,1513429980,1513430280,1513430640,1513430760,1513431120,1513431420,1513432200,1513432560
1513429440,1513429560,1513430280,1513430580,1513430940,1513431060,1513431420,1513431720,1513432500,1513432860
1513429740,1513429860,1513430580,1513430880,1513431240,1513431360,1513431720,1513432020,1513432800,1513433160
1513430040,1513430160,1513430880,1513431180,1513431540,1513431660,1513432020,1513432320,1513433100,1513433460
1513430340,1513430460,1513431180,1513431480,1513431840,1513431960,1513432320,1513432620,1513433400,1513433760
1513430640,1513430760,1513431480,1513431780,1513432140,1513432260,1513432620,1513432920,1513433700,1513434060
1513430940,1513431060,1513431780,1513432080,1513432440,1513432560,1513432920,1513433220,1513434000,1513434360
1513431240,1513431360,1513432080,1513432380,1513432740,1513432860,1513433220,1513433520,1513434300,1513434660
1513431540,1513431660,1513432380,1513432680,1513433040,1513433160,1513433520,1513433820,1513434600,1513434960
1513431660,1513431720,1513432440,1513432740,1513433100,1513433220,1513433580,1513433880,1513434720,1513435020
1513431960,1513432020,1513432740,1513433040,1513433400,1513433520,1513433880,1513434180,1513434960,1513435260
1513432260,1513432320,1513433040,1513433340,1513433700,1513433820,1513434180,1513434480,1513435260,1513435560
1513432560,1513432620,1513433340,1513433640,1513434000,1513434120,1513434480,1513434780,1513435560,1513435860
1513432860,1513432920,1513433640,1513433940,1513434300,1513434420,1513434780,1513435080,1513435860,1513436160
1513433160,1513433220,1513433940,1513434240,1513434600,1513434720,1513435080,1513435380,1513436160,1513436460
1513433460,1513433520,1513434240,1513434540,1513434900,1513435020,1513435380,1513435680,1513436460,1513436760
1513433820,1513433880,1513434600,1513434900,1513435260,1513435380,1513435740,1513436040,1513436820,1513437120
1513434180,1513434240,1513434960,1513435260,1513435620,1513435740,1513436100,1513436400,1513437180,1513437480
1513434540,1513434600,1513435320,1513435620,1513435980,1513436100,1513436460,1513436760,1513437540,1513437840
1513434900,1513434960,1513435680,1513435980,1513436340,1513436460,1513436820,1513437120,1513437900,1513438200
1513435260,1513435320,1513436040,1513436340,1513436700,1513436820,1513437180,1513437480,1513438260,1513438560
1513435620,1513435680,1513436400,1513436700,1513437060,1513437180,1513437540,1513437840,1513438620,1513438920
1513436100,1513436160,1513436880,1513437180,1513437540,1513437660,1513438020,1513438320,1513439100,1513439400
1513436700,1513436760,1513437480,1513437780,1513438140,1513438260,1513438620,1513438920,1513439700,1513440000
1513437300,1513437360,1513438080,1513438380,1513438740,1513438860,1513439220,1513439520,1513440300,1513440600
1513437900,1513437960,1513438680,1513438980,1513439340,1513439460,1513439820,1513440120,1513441020,1513441320
1513438500,1513438560,1513439280,1513439580,1513439940,1513440060,1513440420,1513440720,1513441620,1513441920
1513439100,1513439160,1513439880,1513440180,1513440540,1513440660,1513441020,1513441320,1513442220,1513442520
1513439700,1513439760,1513440480,1513440780,1513441140,1513441260,1513441620,1513441920,1513442820,1513443120
1513440300,1513440360,1513441080,1513441380,1513441740,1513441860,1513442220,1513442520,1513443420,1513443720
1513440900,1513441020,1513441740,1513442040,1513442400,1513442520,1513442880,1513443180,1513444080,1513444380
1513441620,1513441800,1513442520,1513442820,1513443180,1513443300,1513443660,1513443960,1513444860,1513445160
1513442340,1513442520,1513443240,1513443540,1513443900,1513444020,1513444380,1513444680,1513445580,1513445880
1513443180,1513443240,1513443960,1513444260,1513444620,1513444740,1513445100,1513445400,1513446300,1513446600
